agent,mark,cn_agent,cn_skill,kind,dmg_base,dmg_grow,impact_base,impact_grow,energy_gain,decibel_gain,anomaly
Anby,A1,安比,普通攻击：伏特速攻-一段,Basic,0.312,0.029,0.156,0.008,0.00562,3.3384,0.0
Anby,A2,安比,普通攻击：伏特速攻-二段,Basic,0.337,0.031,0.287,0.014,0.01032,6.1418,0.0
Anby,A3,安比,普通攻击：伏特速攻-三段,Basic,1.136,0.104,0.896,0.041,0.03226,19.1744,0.0
Anby,A4,安比,普通攻击：伏特速攻-四段,Basic,2.391,0.218,1.874,0.086,0.06745,40.1036,172.47
Anby,AX1,安比,普通攻击：落雷,Basic,3.286,0.299,1.424,0.065,0.05126,30.4736,127.5
Anby,E1,安比,特殊技：电光挥击,Special,0.934,0.085,0.934,0.043,0.0,19.9876,93.3
Anby,EX1,安比,强化特殊技：苍雷斩,SpecialEx,5.83,0.53,4.818,0.219,0.0,146.4188,532.37
Anby,Dash1,安比,冲刺攻击：电弧斩,Dash,0.567,0.052,0.284,0.013,0.0102,6.0776,0.0
Anby,Dodge1,安比,闪避反击：迅雷,Dodge,1.802,0.164,1.617,0.074,0.02219,13.2038,61.63
Anby,Chain1,安比,连携技：电磁引擎,Chain,5.424,0.494,1.434,0.066,0.0,172.9976,342.83
Anby,Final1,安比,终结技：过载引擎,Final,15.126,1.376,9.916,0.451,0.0,0.0,210.03
Anby,QAssit1,安比,快速支援：降雷,QuickAssit,0.617,0.057,0.617,0.029,0.02219,13.2038,61.63
Anby,DAssit1,安比,招架支援：电光一闪-轻招架,DefenseAssit,0.0,0.0,2.467,0.113,0.0,14.2738,0.0
Anby,DAssit2,安比,招架支援：电光一闪-重招架,DefenseAssit,0.0,0.0,3.117,0.142,0.0,24.9738,0.0
Anby,DAssit3,安比,招架支援：电光一闪-连续招架,DefenseAssit,0.0,0.0,1.517,0.069,0.0,24.9738,0.0
Anby,Assit1,安比,支援突击：回旋闪电,Assit,3.352,0.305,2.914,0.133,0.0,81.0846,313.22
Nekomata,A1,猫又,普通攻击：猫猫爪刺-一段,Basic,0.552,0.051,0.18,0.009,0.00616,3.6594,17.08
Nekomata,A2,猫又,普通攻击：猫猫爪刺-二段,Basic,0.626,0.057,0.371,0.017,0.01269,7.5542,35.24
Nekomata,A3,猫又,普通攻击：猫猫爪刺-三段,Basic,0.727,0.067,0.467,0.022,0.01599,9.523,44.4
Nekomata,A4,猫又,普通攻击：猫猫爪刺-四段,Basic,1.702,0.155,1.037,0.048,0.03555,21.1432,98.73
Nekomata,A5,猫又,普通攻击：猫猫爪刺-五段,Basic,1.236,0.113,0.589,0.027,0.02017,12.0054,56.02
Nekomata,AX1,猫又,普通攻击：赤色之刃,Basic,0.718,0.066,0.589,0.027,0.02017,12.0054,56.02
Nekomata,E1,猫又,特殊技：奇袭,Special,0.473,0.043,0.473,0.022,0.0,9.6514,45.01
Nekomata,EX1,猫又,强化特殊技：超~凶奇袭！,SpecialEx,5.397,0.491,4.554,0.207,0.0,115.6456,430.73
Nekomata,Dash1,猫又,冲刺攻击：你在看哪边？,Dash,0.351,0.032,0.176,0.008,0.00601,12.4976,16.68
Nekomata,Dodge1,猫又,闪避反击：虚影双刺,Dodge,2.279,0.208,1.995,0.091,0.03239,19.26,89.96
Nekomata,Chain1,猫又,连携技：刃爪挥击,Chain,5.362,0.488,1.592,0.073,0.0,178.3476,367.86
Nekomata,Final1,猫又,终结技：刃爪强袭,Final,15.711,1.429,1.181,0.054,0.0,0.0,124.96
Nekomata,QAssit1,猫又,快速支援：借用猫爪,QuickAssit,0.945,0.086,0.945,0.043,0.03239,19.26,89.96
Nekomata,DAssit1,猫又,招架支援：应激防御-轻招架,DefenseAssit,0.0,0.0,2.59,0.118,0.0,14.2738,0.0
Nekomata,DAssit2,猫又,招架支援：应激防御-重招架,DefenseAssit,0.0,0.0,3.273,0.149,0.0,24.9738,0.0
Nekomata,DAssit3,猫又,招架支援：应激防御-连续招架,DefenseAssit,0.0,0.0,1.593,0.073,0.0,24.9738,0.0
Nekomata,Assit1,猫又,支援突击：迅影,Assit,3.004,0.274,2.581,0.118,0.0,69.8496,265.92
Nicole,A1,妮可,普通攻击：狡兔连打-一段A,Basic,0.389,0.036,0.195,0.009,0.007,4.173,0.0
Nicole,A1H,妮可,普通攻击：狡兔连打-一段B*3,Basic,0.271,0.025,0.209,0.01,0.007,4.173,0.0
Nicole,AX1,妮可,普通攻击：为所欲为-一段A,Basic,0.389,0.036,0.195,0.009,0.007,4.173,0.0
Nicole,AX1H,妮可,普通攻击：为所欲为-一段B*3,Basic,0.494,0.045,0.209,0.01,0.007,4.173,0.0
Nicole,A2,妮可,普通攻击：狡兔连打-二段A,Basic,0.353,0.033,0.29,0.014,0.01041,6.206,0.0
Nicole,A2H,妮可,普通攻击：狡兔连打-二段B*4,Basic,0.361,0.033,0.278,0.013,0.01041,6.206,0.0
Nicole,AX2,妮可,普通攻击：为所欲为-二段A,Basic,0.353,0.033,0.29,0.014,0.01041,6.206,0.0
Nicole,AX2H,妮可,普通攻击：为所欲为-二段B*4,Basic,0.658,0.06,0.278,0.013,0.01041,6.206,0.0
Nicole,A3,妮可,普通攻击：狡兔连打-三段A,Basic,1.243,0.113,1.043,0.048,0.03754,22.3202,0.0
Nicole,A3H,妮可,普通攻击：狡兔连打-三段B*20,Basic,1.804,0.164,1.388,0.064,0.03754,22.3202,0.0
Nicole,A3J,妮可,普通攻击：狡兔连打-三段A,Basic,1.243,0.113,1.043,0.048,0.03754,22.3202,0.0
Nicole,A3K,妮可,普通攻击：狡兔连打-三段B*20,Basic,3.29,0.3,1.388,0.064,0.03754,22.3202,0.0
Nicole,E1,妮可,特殊技：糖衣炮弹-A,Special,0.263,0.024,0.25,0.012,0.0,5.6282,26.24
Nicole,E2,妮可,特殊技：糖衣炮弹-B,Special,0.263,0.024,0.25,0.012,0.0,5.6282,26.24
Nicole,EX1,妮可,强化特殊技：夹心糖衣炮弹-蓄力,SpecialEx,2.15,0.196,1.798,0.082,0.0,53.5428,197.35
Nicole,EX2,妮可,强化特殊技：夹心糖衣炮弹-炮击A,SpecialEx,1.075,0.098,0.899,0.041,0.0,26.7714,98.67
Nicole,EX3,妮可,强化特殊技：夹心糖衣炮弹-炮击B,SpecialEx,1.075,0.098,0.899,0.041,0.0,26.7714,98.67
Nicole,EX4,妮可,强化特殊技：夹心糖衣炮弹-能量场,SpecialEx,3.87,0.352,3.236,0.148,0.0,107.0856,394.71
Nicole,Dash1,妮可,冲刺攻击：惊喜开箱-前闪攻击A,Dash,0.412,0.038,0.29,0.014,0.0102,6.0776,0.0
Nicole,Dash2,妮可,冲刺攻击：惊喜开箱-前闪攻击B*13,Dash,1.173,0.107,0.451,0.021,0.0102,6.0776,0.0
Nicole,Dash3,妮可,冲刺攻击：惊喜开箱-前闪攻击A,Dash,0.412,0.038,0.29,0.014,0.0102,6.0776,0.0
Nicole,Dash4,妮可,冲刺攻击：惊喜开箱-前闪攻击B*13,Dash,1.173,0.107,0.451,0.021,0.0102,6.0776,121.29
Nicole,Dash5,妮可,冲刺攻击：惊喜开箱-后闪攻击,Dash,0.6,0.055,0.6,0.028,0.02159,6.42,0.0
Nicole,Dodge1,妮可,闪避反击：牵制炮击-A,Dodge,0.912,0.083,0.817,0.038,0.02279,6.7838,31.64
Nicole,Dodge2,妮可,闪避反击：牵制炮击-B,Dodge,0.912,0.083,0.817,0.038,0.01919,6.7838,31.64
Nicole,Chain1,妮可,连携技：高价以太爆弹-炮击A,Chain,1.048,0.096,0.25,0.012,0.0,33.812,64.89
Nicole,Chain2,妮可,连携技：高价以太爆弹-炮击B,Chain,1.048,0.096,0.25,0.012,0.0,33.812,64.89
Nicole,Chain3,妮可,连携技：高价以太爆弹-能量场,Chain,2.83,0.258,0.675,0.031,0.0,101.436,194.69
Nicole,Final1,妮可,终结技：特制以太榴弹-炮击,Final,6.468,0.588,0.36,0.017,0.0,0.0,35.99
Nicole,Final2,妮可,终结技：特制以太榴弹-能量场,Final,8.732,0.794,0.486,0.023,0.0,0.0,53.99
Nicole,QAssit1,妮可,快速支援：救急炮击-A,QuickAssit,0.317,0.029,0.317,0.015,0.0114,6.7838,31.64
Nicole,QAssit2,妮可,快速支援：救急炮击-B,QuickAssit,0.317,0.029,0.317,0.015,0.0114,6.7838,31.64
Nicole,DAssit1,妮可,招架支援：狡兔出手！-轻招架,DefenseAssit,0.0,0.0,2.467,0.113,0.0,14.2738,0.0
Nicole,DAssit2,妮可,招架支援：狡兔出手！-重招架,DefenseAssit,0.0,0.0,3.117,0.142,0.0,24.9738,0.0
Nicole,DAssit3,妮可,招架支援：狡兔出手！-连续招架,DefenseAssit,0.0,0.0,1.517,0.069,0.0,24.9738,0.0
Nicole,Assit1,妮可,支援突击：趁虚而入,Assit,3.771,0.343,3.303,0.151,0.0,90.7146,353.67
Soldier11,A1,「11号」,普通攻击：热身火花-一段,Basic,0.344,0.032,0.172,0.008,0.00589,3.5096,0.0
Soldier11,AX1,「11号」,普通攻击：火力镇压-一段,Basic,0.551,0.051,0.18,0.009,0.00615,3.6594,17.05
Soldier11,A2,「11号」,普通攻击：热身火花-二段,Basic,0.412,0.038,0.344,0.016,0.01177,6.9978,0.0
Soldier11,AX2,「11号」,普通攻击：火力镇压-二段,Basic,0.572,0.052,0.336,0.016,0.01149,6.848,31.91
Soldier11,A3,「11号」,普通攻击：热身火花-三段,Basic,1.028,0.094,0.823,0.038,0.0282,16.7776,0.0
Soldier11,AX3,「11号」,普通攻击：火力镇压-三段,Basic,1.32,0.12,0.752,0.035,0.02577,15.3224,71.57
Soldier11,A4,「11号」,普通攻击：热身火花-四段,Basic,2.134,0.194,1.676,0.077,0.05744,34.1544,0.0
Soldier11,AX4,「11号」,普通攻击：火力镇压-四段,Basic,3.407,0.31,1.92,0.088,0.06581,39.1406,182.8
Soldier11,E1,「11号」,特殊技：烈火,Special,0.526,0.048,0.526,0.024,0.0,10.7214,50.01
Soldier11,EX1,「11号」,强化特殊技：盛燃烈火,SpecialEx,6.75,0.614,5.435,0.248,0.0,164.3948,580.18
Soldier11,Dash1,「11号」,冲刺攻击：炽火,Dash,0.683,0.063,0.342,0.016,0.01171,6.9764,0.0
Soldier11,Dash2,「11号」,冲刺攻击：火力镇压,Dash,0.788,0.072,0.788,0.036,0.02701,16.0714,75.0
Soldier11,Dodge1,「11号」,闪避反击：逆火,Dodge,2.62,0.239,2.258,0.103,0.0414,24.61,114.99
Soldier11,Chain1,「11号」,连携技：昂扬烈焰,Chain,6.325,0.575,2.136,0.098,0.0,185.8376,402.86
Soldier11,Final1,「11号」,终结技：轰鸣烈焰,Final,21.03,1.912,2.85,0.13,0.0,0.0,246.7
Soldier11,QAssit1,「11号」,快速支援：火力掩护,QuickAssit,1.208,0.11,1.208,0.055,0.0414,24.61,114.99
Soldier11,DAssit1,「11号」,招架支援：巩固防线-轻招架,DefenseAssit,0.0,0.0,2.59,0.118,0.0,14.2738,0.0
Soldier11,DAssit2,「11号」,招架支援：巩固防线-重招架,DefenseAssit,0.0,0.0,3.273,0.149,0.0,24.9738,0.0
Soldier11,DAssit3,「11号」,招架支援：巩固防线-连续招架,DefenseAssit,0.0,0.0,1.593,0.073,0.0,24.9738,0.0
Soldier11,Assit1,「11号」,支援突击：重燃,Assit,3.837,0.349,3.355,0.153,0.0,88.0396,342.42
Corin,A1,可琳,普通攻击：扫除开始-一段,Basic,0.82,0.075,0.41,0.019,0.01476,8.774,40.99
Corin,A2,可琳,普通攻击：扫除开始-二段,Basic,0.766,0.07,0.702,0.032,0.02526,15.0228,70.16
Corin,A3,可琳,普通攻击：扫除开始-三段,Basic,1.792,0.163,1.238,0.057,0.04456,26.4932,123.76
Corin,A4,可琳,普通攻击：扫除开始-四段,Basic,2.334,0.213,1.864,0.085,0.06709,39.8896,186.33
Corin,A5,可琳,普通攻击：扫除开始-五段,Basic,4.212,0.383,3.42,0.156,0.1231,73.188,341.94
Corin,E1,可琳,特殊技：强力清扫-回旋斩击,Special,0.667,0.061,0.667,0.031,0.0,14.2738,66.68
Corin,E2,可琳,特殊技：强力清扫-持续斩击最大,Special,0.375,0.035,0.375,0.018,0.0,8.025,37.5
Corin,E3,可琳,特殊技：强力清扫-爆炸,Special,0.25,0.023,0.25,0.012,0.0,5.35,24.99
Corin,EX1,可琳,强化特殊技：小心裙角-回旋斩击,SpecialEx,3.451,0.314,2.064,0.094,0.0,53.6498,203.33
Corin,EX2,可琳,强化特殊技：小心裙角-持续斩击最大,SpecialEx,10.352,0.942,6.19,0.282,0.0,160.9066,610.01
Corin,EX3,可琳,强化特殊技：小心裙角-爆炸,SpecialEx,3.451,0.314,2.064,0.094,0.0,53.6498,203.33
Corin,Dash1,可琳,冲刺攻击：[断]-最大,Dash,0.967,0.088,0.484,0.022,0.01741,10.3576,48.34
Corin,Dodge1,可琳,闪避反击：[舍]-A,Dodge,1.356,0.124,0.659,0.03,0.0237,14.1026,65.81
Corin,Dodge2,可琳,闪避反击：[舍]-B,Dodge,1.356,0.124,0.659,0.03,0.0237,14.1026,65.81
Corin,Chain1,可琳,连携技：抱歉…,Chain,6.873,0.625,2.883,0.132,0.0,204.0062,487.79
Corin,Final1,可琳,终结技：非、非常抱歉！,Final,20.288,1.845,4.068,0.185,0.0,0.0,406.7
Corin,QAssit1,可琳,快速支援：应急措施-A,QuickAssit,1.317,0.12,1.317,0.06,0.04739,28.1838,131.63
Corin,QAssit2,可琳,快速支援：应急措施-B,QuickAssit,0.833,0.076,0.833,0.038,0.02999,17.8262,83.29
Corin,DAssit1,可琳,招架支援：请、请让我来！-轻招架,DefenseAssit,0.0,0.0,2.467,0.113,0.0,14.2738,0.0
Corin,DAssit2,可琳,招架支援：请、请让我来！-重招架,DefenseAssit,0.0,0.0,3.117,0.142,0.0,24.9738,0.0
Corin,DAssit3,可琳,招架支援：请、请让我来！-连续招架,DefenseAssit,0.0,0.0,1.517,0.069,0.0,24.9738,0.0
Corin,Assit1,可琳,支援突击：快速清扫,Assit,5.475,0.498,4.886,0.223,0.0,129.791,518.01
Billy,A1,比利,普通攻击：火力全开-站姿开火,Basic,0.68,0.062,0.544,0.025,0.01632,7.7682,54.39
Billy,A2,比利,普通攻击：火力全开-站姿子弹,Basic,0.076,0.007,0.061,0.003,0.00544,2.5894,6.04
Billy,A3,比利,普通攻击：火力全开-蹲姿开火,Basic,0.618,0.057,0.547,0.025,0.01969,11.7058,29.03
Billy,A4,比利,普通攻击：火力全开-蹲姿子弹,Basic,0.127,0.012,0.089,0.005,0.00321,1.9046,8.89
Billy,A5,比利,普通攻击：火力全开-终结射击,Basic,0.495,0.045,0.552,0.026,0.03971,11.8128,80.79
Billy,E1,比利,特殊技：乖乖站好-一段,Special,0.242,0.022,0.242,0.011,0.0,5.1788,24.14
Billy,E2,比利,特殊技：乖乖站好-二段,Special,0.517,0.047,0.517,0.024,0.0,11.0638,25.84
Billy,E3,比利,特殊技：乖乖站好-三段,Special,0.501,0.046,0.501,0.023,0.0,10.7214,25.0
Billy,EX1,比利,强化特殊技：清场时间,SpecialEx,5.438,0.495,4.395,0.2,0.0,126.0888,446.87
Billy,Dash1,比利,冲刺攻击：星-徽-制-裁-直线射击,Dash,0.39,0.036,0.195,0.009,0.0078,4.6438,43.29
Billy,Dash2,比利,冲刺攻击：星-徽-制-裁-周身射击,Dash,0.63,0.058,0.63,0.029,0.02519,14.98,34.98
Billy,Dodge1,比利,闪避反击：公平决斗,Dodge,2.214,0.202,1.934,0.088,0.03362,19.9876,93.36
Billy,Chain1,比利,连携技：星徽荣耀幻影,Chain,7.352,0.669,1.966,0.09,0.0,189.0476,417.83
Billy,Final1,比利,终结技：星徽在此闪耀,Final,15.977,1.453,1.906,0.087,0.0,0.0,211.7
Billy,QAssit1,比利,快速支援：星徽-同伴之力,QuickAssit,0.934,0.085,0.934,0.043,0.03362,19.9876,93.36
Billy,Assit1,比利,支援突击：要害射击,Assit,3.888,0.354,3.412,0.156,0.0,93.3896,364.97
Koleda,A1,珂蕾妲,普通攻击：砸扁，粉碎-一段,Basic,0.636,0.058,0.318,0.015,0.0109,6.4842,0.0
Koleda,A2,珂蕾妲,普通攻击：砸扁，粉碎-二段,Basic,0.792,0.072,0.655,0.03,0.02246,13.3536,0.0
Koleda,A3,珂蕾妲,普通攻击：砸扁，粉碎-三段,Basic,1.261,0.115,1.043,0.048,0.03574,21.2502,0.0
Koleda,A4,珂蕾妲,普通攻击：砸扁，粉碎-四段,Basic,3.174,0.289,2.493,0.114,0.08547,50.825,0.0
Koleda,A5,珂蕾妲,普通攻击：砸扁，粉碎-强化普攻一段,Basic,1.608,0.147,0.614,0.028,0.02105,12.519,44.35
Koleda,A6,珂蕾妲,普通攻击：砸扁，粉碎-强化普攻二段,Basic,4.049,0.369,1.566,0.072,0.05972,35.5026,149.08
Koleda,A7,珂蕾妲,普通攻击：砸扁，粉碎-强化普攻二段（协同）,Basic,5.013,0.456,2.346,0.107,0.07311,43.4634,186.29
Koleda,E1,珂蕾妲,特殊技：爆破！铁锤时间-打击,Special,0.519,0.048,0.519,0.024,0.0,10.5716,0.0
Koleda,E2,珂蕾妲,特殊技：爆破！铁锤时间-引爆,Special,0.778,0.071,0.778,0.036,0.0,15.8574,59.18
Koleda,E3,珂蕾妲,特殊技：爆破！铁锤时间-引爆（协同）,Special,0.855,0.078,0.778,0.036,0.0,15.8574,59.18
Koleda,EX1,珂蕾妲,强化特殊技：沸腾熔炉-打击,SpecialEx,1.523,0.139,1.523,0.07,0.0,31.03,0.0
Koleda,EX2,珂蕾妲,强化特殊技：沸腾熔炉-引爆,SpecialEx,6.06,0.551,4.94,0.225,0.0,133.0438,476.12
Koleda,EX3,珂蕾妲,强化特殊技：沸腾熔炉-引爆（协同）,SpecialEx,6.666,0.606,4.94,0.225,0.0,133.0438,476.12
Koleda,Dash1,珂蕾妲,冲刺攻击：给我颤抖,Dash,0.561,0.051,0.281,0.013,0.00961,5.7138,0.0
Koleda,Dodge1,珂蕾妲,闪避反击：别小看我,Dodge,3.439,0.313,2.888,0.132,0.06299,37.45,174.96
Koleda,Chain1,珂蕾妲,连携技：天崩-地裂,Chain,6.36,0.579,2.17,0.099,0.0,186.5438,406.13
Koleda,Final1,珂蕾妲,终结技：锤进地心,Final,15.488,1.408,10.049,0.457,0.0,0.0,180.03
Koleda,Final2,珂蕾妲,终结技：锤进地心-（协同）,Final,16.94,1.54,10.965,0.499,0.0,0.0,190.66
Koleda,QAssit1,珂蕾妲,快速支援：让我来,QuickAssit,1.838,0.168,1.838,0.084,0.06299,37.45,0.0
Koleda,DAssit1,珂蕾妲,招架支援：护身锤-轻招架,DefenseAssit,0.0,0.0,2.59,0.118,0.0,14.2738,0.0
Koleda,DAssit2,珂蕾妲,招架支援：护身锤-重招架,DefenseAssit,0.0,0.0,3.273,0.149,0.0,24.9738,0.0
Koleda,DAssit3,珂蕾妲,招架支援：护身锤-连续招架,DefenseAssit,0.0,0.0,1.593,0.073,0.0,24.9738,0.0
Koleda,Assit1,珂蕾妲,支援突击：锤钟,Assit,3.592,0.327,3.127,0.143,0.0,82.6896,319.92
Anton,A1,安东,普通攻击：热血上工操-一段,Basic,0.678,0.062,0.339,0.016,0.0122,7.2546,0.0
Anton,A2,安东,普通攻击：热血上工操-二段,Basic,0.923,0.084,0.753,0.035,0.02709,16.1142,0.0
Anton,A3,安东,普通攻击：热血上工操-三段,Basic,1.098,0.1,0.933,0.043,0.03357,19.9662,0.0
Anton,A4,安东,普通攻击：热血上工操-四段,Basic,2.291,0.209,1.814,0.083,0.0653,38.8196,0.0
Anton,AX1,安东,普通攻击：热血上工操（爆发状态）-一段,Basic,2.409,0.219,1.66,0.076,0.0,45.4108,177.49
Anton,AX2,安东,普通攻击：热血上工操（爆发状态）-二段,Basic,4.692,0.427,3.233,0.147,0.0,88.4462,345.73
Anton,AX3,安东,普通攻击：热血上工操（爆发状态）-三段,Basic,4.569,0.416,3.148,0.144,0.0,86.1136,336.68
Anton,E1,安东,特殊技：兄弟，转起来！,Special,0.442,0.041,0.442,0.021,0.0,9.4588,44.18
Anton,E2,安东,特殊技：爆发钻击（爆发状态）,Special,2.314,0.211,1.184,0.054,0.0,55.5758,217.21
Anton,EX1,安东,强化特殊技：兄弟，突破天际！,SpecialEx,1.951,0.178,1.951,0.089,0.0,41.7514,195.03
Anton,Dash1,安东,冲刺攻击：硬碰硬,Dash,0.684,0.063,0.342,0.016,0.0123,7.3188,0.0
Anton,Dodge1,安东,闪避反击：回敬拳击,Dodge,2.712,0.247,2.317,0.106,0.04741,28.1838,0.0
Anton,Dodge2,安东,闪避反击：过载钻击（爆发状态）,Dodge,4.654,0.424,3.518,0.16,0.0,68.8652,269.23
Anton,Chain1,安东,连携技：转转转！,Chain,6.407,0.583,2.417,0.11,0.0,194.0338,441.13
Anton,Final1,安东,终结技：转转转转转！,Final,18.164,1.652,2.434,0.111,0.0,0.0,243.36
Anton,QAssit1,安东,快速支援：并肩作战,QuickAssit,2.634,0.24,1.317,0.06,0.04741,28.1838,0.0
Anton,QAssit2,安东,快速支援：援护钻击（爆发状态）,QuickAssit,3.654,0.333,2.518,0.115,0.0,68.8652,269.23
Anton,DAssit1,安东,招架支援：护身锤-轻招架,DefenseAssit,0.0,0.0,2.467,0.113,0.0,14.2738,0.0
Anton,DAssit2,安东,招架支援：护身锤-重招架,DefenseAssit,0.0,0.0,3.117,0.142,0.0,24.9738,0.0
Anton,DAssit3,安东,招架支援：护身锤-连续招架,DefenseAssit,0.0,0.0,1.517,0.069,0.0,24.9738,0.0
Anton,Assit1,安东,支援突击：极限突进,Assit,3.258,0.297,2.827,0.129,0.0,78.9446,304.22
Ben,A1,本,普通攻击：对账-一段,Basic,0.659,0.06,0.471,0.022,0.01694,10.0794,0.0
Ben,A2,本,普通攻击：对账-二段,Basic,1.89,0.172,1.569,0.072,0.05646,33.5766,0.0
Ben,A3,本,普通攻击：对账-三段,Basic,3.483,0.317,2.601,0.119,0.09363,55.6614,0.0
Ben,E1,本,特殊技：拳债统计-主动攻击,Special,0.417,0.038,0.417,0.019,0.0,8.9238,0.0
Ben,E2,本,特殊技：拳债统计-格挡反击,Special,2.334,0.213,2.234,0.102,0.0,17.8476,0.0
Ben,EX1,本,强化特殊技：到期还拳-主动攻击,SpecialEx,4.385,0.399,2.471,0.113,0.0,73.3592,270.99
Ben,EX2,本,强化特殊技：到期还拳-追加攻击,SpecialEx,4.385,0.399,2.471,0.113,0.0,73.3592,270.99
Ben,EX3,本,强化特殊技：到期还拳-格挡反击,SpecialEx,5.005,0.455,3.676,0.168,0.0,87.5688,330.71
Ben,EX4,本,强化特殊技：到期还拳-格挡追击,SpecialEx,5.512,0.502,3.676,0.168,0.0,87.5688,330.71
Ben,Dash1,本,冲刺攻击：前来报销,Dash,1.384,0.126,0.692,0.032,0.02491,14.8088,0.0
Ben,Dodge1,本,闪避反击：清算,Dodge,2.257,0.206,1.967,0.09,0.03481,20.6938,96.66
Ben,Chain1,本,连携技：盖章，结算,Chain,6.273,0.571,3.283,0.15,0.0,191.1662,427.79
Ben,Final1,本,终结技：拳债，全面清偿,Final,16.43,1.494,1.1,0.05,0.0,0.0,110.0
Ben,QAssit1,本,快速支援：联合追债,QuickAssit,0.967,0.088,0.967,0.044,0.03481,20.6938,96.66
Ben,DAssit1,本,招架支援：分摊风险-轻招架,DefenseAssit,0.0,0.0,2.251,0.103,0.0,10.7214,0.0
Ben,DAssit2,本,招架支援：分摊风险-重招架,DefenseAssit,0.0,0.0,2.684,0.122,0.0,17.8476,0.0
Ben,DAssit3,本,招架支援：分摊风险-连续招架,DefenseAssit,0.0,0.0,1.084,0.05,0.0,17.8476,0.0
Ben,Assit1,本,支援突击：违约惩罚,Assit,3.259,0.297,2.828,0.129,0.0,78.966,304.26
Soukaku,A1,苍角,普通攻击：打年糕-一段,Basic,0.662,0.061,0.331,0.016,0.01192,7.0834,0.0
Soukaku,A2,苍角,普通攻击：打年糕-二段,Basic,2.163,0.197,1.88,0.086,0.06767,34.561,0.0
Soukaku,A3,苍角,普通攻击：打年糕-三段,Basic,2.931,0.267,2.217,0.101,0.0798,42.1794,0.0
Soukaku,AX1,苍角,普通攻击：打年糕（霜染刃旗）-一段,Basic,0.766,0.07,0.466,0.022,0.01677,9.9724,46.57
Soukaku,AX2,苍角,普通攻击：打年糕（霜染刃旗）-二段,Basic,2.285,0.208,1.275,0.058,0.04588,27.285,127.43
Soukaku,AX3,苍角,普通攻击：打年糕（霜染刃旗）-三段,Basic,5.114,0.465,2.633,0.12,0.09476,56.3462,263.21
Soukaku,E1,苍角,特殊技：吹凉便当-一段,Special,0.284,0.026,0.284,0.013,0.0,6.0776,28.34
Soukaku,E2,苍角,特殊技：吹凉便当-终结段,Special,1.001,0.091,1.001,0.046,0.0,21.4214,50.01
Soukaku,EX1,苍角,强化特殊技：扇走蚊虫-风场,SpecialEx,1.021,0.093,0.879,0.04,0.0,24.8882,94.91
Soukaku,EX2,苍角,强化特殊技：扇走蚊虫-连续攻击,SpecialEx,1.312,0.1195,1.129,0.0515,0.0,31.993,122.035
Soukaku,E3,苍角,特殊技：集合啦！-展旗,Special,2.501,0.228,2.751,0.126,0.0,53.5214,125.0
Soukaku,E4,苍角,特殊技：集合啦！-快速展旗,Special,1.401,0.128,1.401,0.064,0.0,29.9814,70.01
Soukaku,E5,苍角,特殊技：集合啦！-收旗攻击,Special,2.45,0.223,2.45,0.112,0.0,52.43,122.5
Soukaku,Dash1,苍角,冲刺攻击：对半分,Dash,0.767,0.07,0.384,0.018,0.0138,8.2176,0.0
Soukaku,Dash2,苍角,冲刺攻击：对半分（霜染刃旗）,Dash,1.315,0.12,0.801,0.037,0.02882,17.1414,80.03
Soukaku,Dodge1,苍角,闪避反击：别抢零食,Dodge,2.473,0.225,2.134,0.097,0.04079,24.2676,113.3
Soukaku,Chain1,苍角,连携技：鹅鸡斩,Chain,7.458,0.678,3.468,0.158,0.0,216.5252,546.2
Soukaku,Final1,苍角,终结技：大份鹅鸡斩,Final,19.898,1.809,3.768,0.172,0.0,0.0,376.7
Soukaku,QAssit1,苍角,快速支援：双人套餐,QuickAssit,1.134,0.104,1.134,0.052,0.04079,24.2676,113.3
Soukaku,DAssit1,苍角,招架支援：防守战术-轻招架,DefenseAssit,0.0,0.0,2.467,0.113,0.0,14.2738,0.0
Soukaku,DAssit2,苍角,招架支援：防守战术-重招架,DefenseAssit,0.0,0.0,3.117,0.142,0.0,24.9738,0.0
Soukaku,DAssit3,苍角,招架支援：防守战术-连续招架,DefenseAssit,0.0,0.0,1.517,0.069,0.0,24.9738,0.0
Soukaku,Assit1,苍角,支援突击：席卷打击-A,Assit,2.64,0.24,2.313,0.106,0.0,63.4938,247.57
Soukaku,Assit2,苍角,支援突击：席卷打击-B,Assit,1.132,0.103,0.991,0.046,0.0,27.2208,106.1
Lycaon,A1,莱卡恩,普通攻击：狩月舞步-一段,Basic,0.292,0.027,0.146,0.007,0.00501,2.9746,0.0
Lycaon,A1H,莱卡恩,普通攻击：狩月舞步-一段蓄力,Basic,0.371,0.034,0.121,0.006,0.00414,2.461,11.48
Lycaon,A2,莱卡恩,普通攻击：狩月舞步-二段,Basic,0.349,0.032,0.303,0.014,0.01039,6.1846,0.0
Lycaon,A2H,莱卡恩,普通攻击：狩月舞步-二段蓄力,Basic,0.564,0.052,0.329,0.015,0.01127,6.6982,31.28
Lycaon,A3,莱卡恩,普通攻击：狩月舞步-三段,Basic,0.584,0.054,0.456,0.021,0.01563,9.309,0.0
Lycaon,A3H,莱卡恩,普通攻击：狩月舞步-三段蓄力,Basic,0.995,0.091,0.537,0.025,0.01841,10.9568,51.13
Lycaon,A4,莱卡恩,普通攻击：狩月舞步-四段,Basic,1.52,0.139,1.12,0.051,0.03838,22.8124,0.0
Lycaon,A4H,莱卡恩,普通攻击：狩月舞步-四段蓄力,Basic,2.109,0.192,1.071,0.049,0.03672,21.828,101.98
Lycaon,A5,莱卡恩,普通攻击：狩月舞步-五段,Basic,1.807,0.165,1.477,0.068,0.05062,30.0884,0.0
Lycaon,A5H,莱卡恩,普通攻击：狩月舞步-五段一级蓄力,Basic,2.776,0.253,1.631,0.075,0.05589,33.2342,155.24
Lycaon,A5J,莱卡恩,普通攻击：狩月舞步-五段二级蓄力,Basic,3.557,0.324,2.056,0.094,0.07048,41.9012,195.75
Lycaon,E1,莱卡恩,特殊技：追猎时刻-A,Special,0.228,0.021,0.228,0.011,0.0,4.6438,21.66
Lycaon,E2,莱卡恩,特殊技：追猎时刻-B,Special,0.543,0.05,0.543,0.025,0.0,11.0638,25.83
Lycaon,E3,莱卡恩,特殊技：追猎时刻-蓄力A,Special,0.228,0.021,0.228,0.011,0.0,4.6438,21.66
Lycaon,E4,莱卡恩,特殊技：追猎时刻-蓄力B,Special,1.103,0.101,1.103,0.051,0.0,22.4914,52.5
Lycaon,EX1,莱卡恩,强化特殊技：狂猎时刻-A,SpecialEx,2.524,0.23,2.115,0.097,0.0,54.356,200.76
Lycaon,EX2,莱卡恩,强化特殊技：狂猎时刻-B,SpecialEx,2.819,0.257,2.389,0.109,0.0,60.2196,225.42
Lycaon,EX3,莱卡恩,强化特殊技：狂猎时刻-蓄力A,SpecialEx,2.524,0.23,2.115,0.097,0.0,54.356,200.76
Lycaon,EX4,莱卡恩,强化特殊技：狂猎时刻-蓄力B,SpecialEx,5.371,0.489,4.529,0.206,0.0,115.1106,428.48
Lycaon,Dash1,莱卡恩,冲刺攻击：保持清洁,Dash,0.473,0.043,0.237,0.011,0.00811,4.8364,0.0
Lycaon,Dodge1,莱卡恩,闪避反击：礼仪教导,Dodge,1.87,0.17,1.681,0.077,0.02162,12.8614,60.03
Lycaon,Chain1,莱卡恩,连携技：遵命,Chain,6.378,0.58,2.188,0.1,0.0,186.9076,407.86
Lycaon,Final1,莱卡恩,终结技：不辱使命,Final,16.941,1.541,10.966,0.499,0.0,0.0,173.36
Lycaon,QAssit1,莱卡恩,快速支援：狼群,QuickAssit,0.631,0.058,0.631,0.029,0.02162,12.8614,60.03
Lycaon,DAssit1,莱卡恩,招架支援：狩猎干预-轻招架,DefenseAssit,0.0,0.0,2.59,0.118,0.0,14.2738,0.0
Lycaon,DAssit2,莱卡恩,招架支援：狩猎干预-重招架,DefenseAssit,0.0,0.0,3.273,0.149,0.0,24.9738,0.0
Lycaon,DAssit3,莱卡恩,招架支援：狩猎干预-连续招架,DefenseAssit,0.0,0.0,1.593,0.073,0.0,24.9738,0.0
Lycaon,Assit1,莱卡恩,支援突击：复仇反扑,Assit,2.883,0.263,2.468,0.113,0.0,67.196,254.76
Lucy,A1,露西,普通攻击：淑女的球棍-一段,Basic,0.566,0.052,0.283,0.013,0.01019,6.0562,0.0
Lucy,A2,露西,普通攻击：淑女的球棍-二段,Basic,0.778,0.071,0.65,0.03,0.0234,13.91,0.0
Lucy,A3,露西,普通攻击：淑女的球棍-三段（派生）,Basic,2.115,0.193,1.623,0.074,0.05842,34.7322,0.0
Lucy,A3H,露西,普通攻击：淑女的球棍-三段,Basic,1.889,0.172,1.574,0.072,0.05666,33.6836,134.01
Lucy,A4,露西,普通攻击：淑女的球棍-四段,Basic,2.726,0.248,2.08,0.095,0.07488,44.512,186.25
Lucy,E1,露西,特殊技：安打！-平直球,Special,0.617,0.057,0.617,0.029,0.0,13.2038,61.65
Lucy,E2,露西,特殊技：安打！-高飞球,Special,0.692,0.063,0.692,0.032,0.0,14.8088,69.15
Lucy,EX1,露西,强化特殊技：全垒打！-平直球,SpecialEx,5.084,0.463,3.646,0.166,0.0,129.2988,335.41
Lucy,EX2,露西,强化特殊技：全垒打！-高飞球,SpecialEx,5.364,0.488,3.896,0.178,0.0,135.7188,342.41
Lucy,Dash1,露西,冲刺攻击：豪勇猪突！,Dash,0.784,0.072,0.392,0.018,0.01411,8.3888,0.0
Lucy,Dodge1,露西,闪避反击：獠牙折转！,Dodge,3.08,0.28,2.6,0.119,0.05759,34.24,159.96
Lucy,Chain1,露西,连携技：大满贯！-*3,Chain,4.924,0.448,0.934,0.043,0.0,162.2976,292.8
Lucy,Final1,露西,终结技：再见全垒打！,Final,17.186,1.563,2.835,0.129,0.0,0.0,315.0
Lucy,QAssit1,露西,快速支援：触身球！,QuickAssit,1.6,0.146,1.6,0.073,0.05759,34.24,0.0
Lucy,DAssit1,露西,招架支援：安全上垒！-轻招架,DefenseAssit,0.0,0.0,2.077,0.095,0.0,7.8538,0.0
Lucy,DAssit2,露西,招架支援：安全上垒！-重招架,DefenseAssit,0.0,0.0,2.294,0.105,0.0,11.4276,0.0
Lucy,DAssit3,露西,招架支援：安全上垒！-连续招架,DefenseAssit,0.0,0.0,0.694,0.032,0.0,11.4276,0.0
Lucy,Assit1,露西,支援突击：触垒得分！,Assit,3.491,0.318,3.043,0.139,0.0,84.2946,326.67
Lucy,NIL1,露西,亲卫队小猪：抄家伙！-棒球棍,All,0.925,0.085,0.155,0.008,0.0,0.0,0.0
Lucy,NIL2,露西,亲卫队小猪：抄家伙！-拳套,All,1.275,0.116,0.213,0.01,0.0,0.0,0.0
Lucy,NIL3,露西,亲卫队小猪：抄家伙！-弹弓,All,1.75,0.16,0.292,0.014,0.0,0.0,0.0
Lucy,NIL4,露西,亲卫队小猪：回旋挥击！-回旋挥击,All,2.5,0.228,0.2,0.01,0.0,0.0,0.0
Grace,A1,格莉丝,普通攻击：高压射钉-一段,Basic,0.551,0.051,0.18,0.009,0.00615,3.6594,0.0
Grace,A2,格莉丝,普通攻击：高压射钉-二段,Basic,0.597,0.055,0.347,0.016,0.01189,7.0834,0.0
Grace,A3,格莉丝,普通攻击：高压射钉-三段,Basic,1.248,0.114,0.716,0.033,0.02454,14.5948,64.6
Grace,A4,格莉丝,普通攻击：高压射钉-四段,Basic,1.863,0.17,1.072,0.049,0.04081,24.2676,0.0
Grace,E1,格莉丝,特殊技：工程清障,Special,0.421,0.039,0.421,0.02,0.0,8.5814,70.03
Grace,EX1,格莉丝,强化特殊技：超规工程清障-单个手雷,SpecialEx,1.669,0.152,1.342,0.061,0.0,40.7028,143.34
Grace,Dash1,格莉丝,冲刺攻击：突击检查,Dash,0.333,0.031,0.167,0.008,0.00571,3.4026,0.0
Grace,Dodge1,格莉丝,闪避反击：违章处罚,Dodge,1.642,0.15,1.505,0.069,0.0156,9.2876,43.33
Grace,Chain1,格莉丝,连携技：协作施工,Chain,5.713,0.52,1.523,0.07,0.0,173.3614,344.5
Grace,Final1,格莉丝,终结技：工程爆破请勿接近,Final,14.788,1.345,1.331,0.061,0.0,0.0,895.7
Grace,QAssit1,格莉丝,快速支援：事故解决方案,QuickAssit,0.455,0.042,0.455,0.021,0.0156,9.2876,43.33
Grace,Assit1,格莉丝,支援突击：反击电针,Assit,3.593,0.327,3.128,0.143,0.0,82.711,320.01
Grace,A5,格莉丝,普通攻击：高压射钉-垫步射击,Basic,0.403,0.037,0.403,0.019,0.0138,8.2176,0.0
Ellen,A1,艾莲,普通攻击：利齿修剪法-一段,Basic,0.488,0.045,0.244,0.012,0.00679,4.7508,0.0
Ellen,A2,艾莲,普通攻击：利齿修剪法-二段,Basic,1.111,0.101,0.868,0.04,0.02415,16.8846,0.0
Ellen,A3,艾莲,普通攻击：利齿修剪法-三段,Basic,2.973,0.271,2.404,0.11,0.06688,46.7804,0.0
Ellen,AX1,艾莲,普通攻击：急冻修剪法-一段,Basic,0.996,0.091,0.488,0.023,0.01358,9.5016,44.35
Ellen,AX2,艾莲,普通攻击：急冻修剪法-二段,Basic,1.84,0.168,0.902,0.041,0.02509,17.548,81.99
Ellen,AX3,艾莲,普通攻击：急冻修剪法-三段,Basic,4.962,0.452,2.455,0.112,0.06428,47.7648,223.17
Ellen,Dash1,艾莲,冲刺攻击：冰渊潜袭-回旋斩击,Dash,0.623,0.057,0.623,0.029,0.02038,12.1124,56.59
Ellen,Dash2,艾莲,冲刺攻击：冰渊潜袭-快速剪击,Dash,1.276,0.116,0.982,0.045,0.03211,19.0888,89.19
Ellen,Dash3,艾莲,冲刺攻击：冰渊潜袭-蓄力剪击,Dash,1.582,0.144,1.217,0.056,0.03981,23.6684,110.56
Ellen,E1,艾莲,特殊技：摆尾,Special,0.505,0.046,0.505,0.023,0.0,9.8226,45.84
Ellen,EX1,艾莲,强化特殊技：横扫,SpecialEx,3.772,0.343,4.051,0.185,0.0,109.2256,403.73
Ellen,EX2,艾莲,强化特殊技：鲨卷风,SpecialEx,5.533,0.503,3.717,0.169,0.0,101.7142,372.19
Ellen,Dash4,艾莲,冲刺攻击：骇浪,Dash,0.77,0.07,0.385,0.018,0.0126,7.49,0.0
Ellen,Dash5,艾莲,冲刺攻击：寒潮,Dash,1.457,0.133,0.788,0.036,0.02579,15.3438,71.63
Ellen,Dodge1,艾莲,闪避反击：暗礁,Dodge,1.526,0.139,2.274,0.104,0.03842,22.8552,106.7
Ellen,Chain1,艾莲,连携技：雪崩,Chain,7.946,0.723,3.557,0.162,0.0,211.5176,522.83
Ellen,Final1,艾莲,终结技：永冬狂宴,Final,18.908,1.719,1.852,0.085,0.0,0.0,168.33
Ellen,QAssit1,艾莲,快速支援：护卫鲛,QuickAssit,1.211,0.111,1.211,0.056,0.03962,23.5614,110.03
Ellen,DAssit1,艾莲,招架支援：迎头浪-轻招架,DefenseAssit,0.0,0.0,2.713,0.124,0.0,14.2738,0.0
Ellen,DAssit2,艾莲,招架支援：迎头浪-重招架,DefenseAssit,0.0,0.0,3.428,0.156,0.0,24.9738,0.0
Ellen,DAssit3,艾莲,招架支援：迎头浪-连续招架,DefenseAssit,0.0,0.0,1.668,0.076,0.0,24.9738,0.0
Ellen,Assit1,艾莲,支援突击：巡洋鲨,Assit,4.379,0.399,3.848,0.175,0.0,95.5296,373.92
Rina,A1,丽娜,普通攻击：痛打呆子-一段,Basic,0.44,0.04,0.245,0.012,0.00838,4.9862,0.0
Rina,A2,丽娜,普通攻击：痛打呆子-二段,Basic,1.114,0.102,0.884,0.041,0.03029,12.8614,0.0
Rina,A3,丽娜,普通攻击：痛打呆子-三段,Basic,1.171,0.107,0.966,0.044,0.0331,30.0456,83.63
Rina,A4,丽娜,普通攻击：痛打呆子-四段,Basic,1.839,0.168,1.468,0.067,0.0559,26.6002,104.74
Rina,AX1,丽娜,普通攻击：赶走傻瓜,Basic,3.151,0.287,3.151,0.144,0.10802,64.2214,300.03
Rina,E1,丽娜,特殊技：砸扁笨蛋,Special,0.613,0.056,0.613,0.028,0.0,12.4976,58.35
Rina,EX1,丽娜,强化特殊技：笨蛋消失魔法,SpecialEx,5.46,0.497,4.445,0.203,0.0,89.1738,471.62
Rina,Dash1,丽娜,冲刺攻击：突然惊吓,Dash,1.05,0.096,0.525,0.024,0.018,10.7,0.0
Rina,Dodge1,丽娜,闪避反击：邦布回魂,Dodge,2.276,0.207,2.276,0.104,0.04202,24.9952,116.7
Rina,Chain1,丽娜,连携技：侍者守则,Chain,10.13,0.921,1.751,0.08,0.0,178.0052,366.2
Rina,Final1,丽娜,终结技：女王的侍从们,Final,21.167,1.925,1.138,0.052,0.0,0.0,108.37
Rina,QAssit1,丽娜,快速支援：二拍的阿勒芒德,QuickAssit,1.226,0.112,1.226,0.056,0.04202,24.9952,116.7
Rina,Assit1,丽娜,支援突击：四拍的加沃特,Assit,3.494,0.318,3.036,0.138,0.0,80.5496,310.92
ZhuYuan,A1,朱鸢,普通攻击：不许动！-一段,Basic,0.431,0.04,0.216,0.01,0.00705,4.1944,0.0
ZhuYuan,A2,朱鸢,普通攻击：不许动！-二段,Basic,1.264,0.115,0.973,0.045,0.03182,18.9176,104.77
ZhuYuan,A3,朱鸢,普通攻击：不许动！-三段,Basic,1.373,0.125,0.947,0.044,0.03097,18.4254,0.0
ZhuYuan,A4,朱鸢,普通攻击：不许动！-四段,Basic,1.51,0.138,1.243,0.057,0.04066,24.182,59.12
ZhuYuan,A5,朱鸢,普通攻击：不许动！-五段,Basic,1.622,0.148,1.392,0.064,0.04554,27.071,60.05
ZhuYuan,AX1,朱鸢,普通攻击：请勿抵抗-一段（物理）,Basic,0.537,0.049,0.596,0.028,0.00991,5.9064,0.0
ZhuYuan,AX2,朱鸢,普通攻击：请勿抵抗-二段（物理）,Basic,0.537,0.049,0.596,0.028,0.01835,10.914,0.0
ZhuYuan,AX3,朱鸢,普通攻击：请勿抵抗-三段（物理）,Basic,1.609,0.147,1.787,0.082,0.04906,29.1682,0.0
ZhuYuan,AX1H,朱鸢,普通攻击：请勿抵抗-一段（以太）,Basic,1.359,0.124,0.596,0.028,0.00991,5.9064,54.15
ZhuYuan,AX2H,朱鸢,普通攻击：请勿抵抗-二段（以太）,Basic,1.359,0.124,0.596,0.028,0.01835,10.914,54.15
ZhuYuan,AX3H,朱鸢,普通攻击：请勿抵抗-三段（以太）,Basic,4.077,0.371,1.787,0.082,0.04906,29.1682,162.45
ZhuYuan,E1,朱鸢,特殊技：鹿弹射击,Special,0.184,0.017,0.184,0.009,0.0,3.5738,16.65
ZhuYuan,EX1,朱鸢,强化特殊技：全弹连射,SpecialEx,5.874,0.534,4.8,0.219,0.0,135.1838,485.12
ZhuYuan,Dash1,朱鸢,冲刺攻击：火力奇袭,Dash,0.551,0.051,0.276,0.013,0.00901,5.3714,50.0
ZhuYuan,Dash2,朱鸢,冲刺攻击：火力压制-（物理）,Dash,0.537,0.049,0.596,0.028,0.01171,6.9764,0.0
ZhuYuan,Dash3,朱鸢,冲刺攻击：火力压制-（以太）,Dash,1.359,0.124,0.596,0.028,0.02341,13.9314,54.15
ZhuYuan,Dodge1,朱鸢,闪避反击：火力震爆,Dodge,1.768,0.161,1.614,0.074,0.01682,10.0152,46.7
ZhuYuan,Chain1,朱鸢,连携技：歼灭模式,Chain,5.875,0.535,1.486,0.068,0.0,171.2214,334.5
ZhuYuan,Final1,朱鸢,终结技：歼灭模式MAX,Final,19.776,1.798,1.251,0.0627,0.0,0.0,103.33
ZhuYuan,QAssit1,朱鸢,快速支援：掩护射击,QuickAssit,0.514,0.047,0.514,0.024,0.01682,10.0152,46.7
ZhuYuan,Assit1,朱鸢,支援突击：自卫还击,Assit,3.558,0.324,3.086,0.141,0.0,78.4096,301.97
Qingyi,A1,青衣,普通攻击：一煞-一段,Basic,0.472,0.043,0.236,0.011,0.00771,4.601,0.0
Qingyi,A1H,青衣,普通攻击：一煞-一段（派生）,Basic,1.103,0.101,0.552,0.026,0.01805,10.7428,0.0
Qingyi,A2,青衣,普通攻击：一煞-二段,Basic,1.221,0.111,0.822,0.038,0.02689,18.618,0.0
Qingyi,A3,青衣,普通攻击：一煞-三段,Basic,0.176,0.016,0.191,0.009,0.0048,2.8676,13.33
Qingyi,A4,青衣,普通攻击：一煞-四段,Basic,1.064,0.097,1.063,0.049,0.03477,20.6724,64.54
Qingyi,A4H,青衣,普通攻击：一煞-四段（强化）,Basic,2.344,0.214,2.047,0.094,0.06698,39.8254,153.99
Qingyi,AX1,青衣,普通攻击：醉花云,Basic,0.856,0.078,0.856,0.039,0.02799,16.6492,77.74
Qingyi,AY1,青衣,普通攻击：醉花月云转-突进攻击,Basic,4.487,0.408,2.719,0.124,0.06845,40.7028,190.13
Qingyi,AY2,青衣,普通攻击：醉花月云转-终结一击,Basic,3.944,0.359,2.176,0.099,0.05478,32.5708,152.14
Qingyi,E1,青衣,特殊技：昼锦堂,Special,0.624,0.057,0.624,0.029,0.0,12.1338,56.68
Qingyi,EX1,青衣,强化特殊技：月上海棠-A,SpecialEx,1.507,0.137,1.111,0.051,0.0,31.8004,124.65
Qingyi,EX2,青衣,强化特殊技：月上海棠-B,SpecialEx,2.11,0.192,1.555,0.071,0.0,44.512,174.51
Qingyi,EX3,青衣,强化特殊技：月上海棠-C,SpecialEx,2.411,0.22,1.777,0.081,0.0,50.8678,199.44
Qingyi,Dash1,青衣,冲刺攻击：入破,Dash,0.495,0.045,0.248,0.012,0.0081,4.815,0.0
Qingyi,Dodge1,青衣,闪避反击：意不尽,Dodge,2.84,0.259,1.904,0.087,0.04381,26.0438,121.66
Qingyi,Chain1,青衣,连携技：太平令,Chain,6.479,0.589,2.09,0.095,0.0,182.97,389.46
Qingyi,Final1,青衣,终结技：八声甘州,Final,16.707,1.519,10.971,0.499,0.0,0.0,215.03
Qingyi,QAssit1,青衣,快速支援：风入松,QuickAssit,1.339,0.122,1.339,0.061,0.04381,26.0438,121.66
Qingyi,DAssit1,青衣,招架支援：锦上花-轻招架,DefenseAssit,0.0,0.0,2.493,0.114,0.0,14.2738,0.0
Qingyi,DAssit2,青衣,招架支援：锦上花-重招架,DefenseAssit,0.0,0.0,3.043,0.139,0.0,24.9738,0.0
Qingyi,DAssit3,青衣,招架支援：锦上花-连续招架,DefenseAssit,0.0,0.0,1.283,0.059,0.0,24.9738,0.0
Qingyi,Assit1,青衣,支援突击：清江引,Assit,3.764,0.343,2.79,0.127,0.0,35.3314,320.01
Jane,A1,简,普通攻击：跳步刃舞-一段,Basic,0.361,0.033,0.153,0.007,0.00501,2.9746,21.34
Jane,A2,简,普通攻击：跳步刃舞-二段,Basic,0.623,0.057,0.443,0.021,0.01448,8.6028,52.06
Jane,A3,简,普通攻击：跳步刃舞-三段,Basic,0.835,0.076,0.595,0.028,0.01946,11.5774,68.78
Jane,A4,简,普通攻击：跳步刃舞-四段,Basic,1.634,0.149,1.097,0.05,0.03589,21.3358,127.45
Jane,A5,简,普通攻击：跳步刃舞-五段,Basic,0.988,0.09,0.687,0.032,0.02246,13.3536,76.71
Jane,A6,简,普通攻击：跳步刃舞-六段,Basic,2.913,0.265,2.0,0.091,0.06543,38.9052,226.62
Jane,AX1,简,普通攻击：萨霍夫跳-连续攻击,Basic,3.008,0.274,2.292,0.105,0.07499,44.5762,273.4
Jane,AX2,简,普通攻击：萨霍夫跳-终结一击,Basic,1.613,0.147,1.229,0.056,0.0402,23.9038,146.56
Jane,E1,简,特殊技：掠空,Special,0.578,0.053,0.578,0.027,0.0,11.235,52.5
Jane,EX1,简,强化特殊技：掠空-横扫,SpecialEx,5.747,0.523,4.681,0.213,0.0,132.5302,473.96
Jane,Dash1,简,冲刺攻击：刀刃跳-一段,Dash,0.715,0.065,0.358,0.017,0.0117,6.955,32.5
Jane,Dash2,简,冲刺攻击：刀刃跳-二段,Dash,0.715,0.065,0.358,0.017,0.0117,6.955,32.5
Jane,Dash3,简,冲刺攻击：虚像突刺,Dash,1.045,0.095,0.523,0.024,0.0171,10.165,47.48
Jane,Dodge1,简,闪避反击：疾影-一段,Dodge,3.412,0.311,2.292,0.105,0.039,23.1976,177.67
Jane,Dodge2,简,闪避反击：疾影-二段,Dodge,3.412,0.311,2.292,0.105,0.039,23.1976,177.67
Jane,Dodge3,简,闪避反击：疾影连舞,Dodge,3.87,0.352,2.475,0.113,0.04499,26.75,194.31
Jane,Chain1,简,连携技：罪孽生花,Chain,6.326,0.576,2.376,0.108,0.0,193.67,439.46
Jane,Final1,简,终结技：终幕演出,Final,14.706,1.337,1.865,0.085,0.0,0.0,966.58
Jane,QAssit1,简,快速支援：乌刺,QuickAssit,1.192,0.109,1.192,0.055,0.039,23.1976,108.33
Jane,QAssit2,简,快速支援：勾手跳,QuickAssit,1.375,0.125,1.375,0.063,0.04499,26.75,124.96
Jane,DAssit1,简,招架支援：最后防线-轻招架,DefenseAssit,0.0,0.0,2.713,0.124,0.0,14.2738,0.0
Jane,DAssit2,简,招架支援：最后防线-重招架,DefenseAssit,0.0,0.0,3.428,0.156,0.0,24.9738,0.0
Jane,DAssit3,简,招架支援：最后防线-连续招架,DefenseAssit,0.0,0.0,1.668,0.076,0.0,24.9738,0.0
Jane,Assit1,简,支援突击：疾风扫,Assit,3.455,0.315,2.99,0.136,0.0,76.2696,292.92
Seth,A1,赛斯,普通攻击：雷霆击-一段,Basic,0.362,0.033,0.181,0.009,0.00652,3.8734,0.0
Seth,A2,赛斯,普通攻击：雷霆击-二段,Basic,0.565,0.052,0.451,0.021,0.01624,9.6514,0.0
Seth,A3,赛斯,普通攻击：雷霆击-三段,Basic,1.933,0.176,1.513,0.069,0.05445,32.3782,0.0
Seth,A4,赛斯,普通攻击：雷霆击-四段,Basic,0.974,0.089,0.805,0.037,0.02895,17.227,80.41
Seth,AX1,赛斯,普通攻击：雷霆击-感电-连续攻击,Basic,3.828,0.348,1.617,0.074,0.05821,34.6038,161.68
Seth,AX2,赛斯,普通攻击：雷霆击-感电-终结一击,Basic,4.242,0.386,1.455,0.067,0.0476,28.3122,132.2
Seth,E1,赛斯,特殊技：电光盾冲,Special,0.692,0.063,0.692,0.032,0.0,14.8088,69.18
Seth,EX1,赛斯,强化特殊技：电光盾冲-高伏特,SpecialEx,6.46,0.588,5.404,0.246,0.0,160.8638,593.16
Seth,EX2,赛斯,强化特殊技：电光盾冲-高伏特-（蓄力）,SpecialEx,9.998,0.909,8.49,0.386,0.0,246.2284,924.38
Seth,Dash1,赛斯,冲刺攻击：电光突袭,Dash,1.1,0.1,0.55,0.025,0.0198,11.77,0.0
Seth,Dodge1,赛斯,闪避反击：以退为进,Dodge,2.3,0.21,2.0,0.091,0.036,21.4,100.0
Seth,Chain1,赛斯,连携技：最终制裁,Chain,7.041,0.641,3.051,0.139,0.0,207.6014,1100.78
Seth,Final1,赛斯,终结技：正义必胜,Final,20.243,1.841,4.033,0.184,0.0,0.0,403.29
Seth,QAssit1,赛斯,快速支援：武力支援,QuickAssit,1.0,0.091,1.0,0.046,0.036,21.4,100.0
Seth,DAssit1,赛斯,招架支援：迅雷盾-轻招架,DefenseAssit,0.0,0.0,2.467,0.113,0.0,14.2738,0.0
Seth,DAssit2,赛斯,招架支援：迅雷盾-重招架,DefenseAssit,0.0,0.0,3.117,0.142,0.0,24.9738,0.0
Seth,DAssit3,赛斯,招架支援：迅雷盾-连续招架,DefenseAssit,0.0,0.0,1.517,0.069,0.0,24.9738,0.0
Seth,Assit1,赛斯,支援突击：治安裁决,Assit,4.285,0.39,3.78,0.172,0.0,102.4846,403.22
Piper,A1,派派,普通攻击：准备发车-一段,Basic,0.59,0.054,0.295,0.014,0.01062,6.313,29.48
Piper,A2,派派,普通攻击：准备发车-二段,Basic,0.788,0.072,0.645,0.03,0.02319,13.803,64.4
Piper,A3,派派,普通攻击：准备发车-三段,Basic,1.501,0.137,1.219,0.056,0.04389,26.0866,121.89
Piper,A4,派派,普通攻击：准备发车-四段,Basic,3.206,0.292,2.522,0.115,0.09077,53.9708,252.11
Piper,E1,派派,特殊技：轮胎转,Special,2.717,0.247,2.717,0.124,0.0,29.0826,271.66
Piper,E2,派派,特殊技：有亿点重-一级蓄力,Special,0.934,0.085,0.934,0.043,0.0,19.9876,93.33
Piper,E3,派派,特殊技：有亿点重-二级蓄力,Special,1.034,0.094,1.034,0.047,0.0,22.1276,103.36
Piper,E4,派派,特殊技：有亿点重-三级蓄力,Special,2.35,0.214,2.35,0.107,0.0,50.29,235.0
Piper,EX1,派派,强化特殊技：非常重,SpecialEx,6.129,0.558,3.968,0.181,0.0,98.2046,532.55
Piper,EX2,派派,强化特殊技：引擎转-每圈,SpecialEx,0.9355,0.0855,0.548,0.025,0.0,14.4343,80.625
Piper,Dash1,派派,冲刺攻击：一脚油门,Dash,0.901,0.082,0.451,0.021,0.01621,9.6514,45.01
Piper,Dodge1,派派,闪避反击：动力漂移,Dodge,2.69,0.245,2.3,0.105,0.04679,27.82,129.96
Piper,Chain1,派派,连携技：系好安全带,Chain,6.523,0.593,2.533,0.116,0.0,196.5162,452.79
Piper,Final1,派派,终结技：坐~稳~啦~,Final,16.604,1.51,3.283,0.15,0.0,0.0,1127.54
Piper,QAssit1,派派,快速支援：点刹,QuickAssit,1.3,0.119,1.3,0.06,0.04679,27.82,129.96
Piper,DAssit1,派派,招架支援：极限刹车-轻招架,DefenseAssit,0.0,0.0,2.467,0.113,0.0,14.2738,0.0
Piper,DAssit2,派派,招架支援：极限刹车-重招架,DefenseAssit,0.0,0.0,3.117,0.142,0.0,24.9738,0.0
Piper,DAssit3,派派,招架支援：极限刹车-连续招架,DefenseAssit,0.0,0.0,1.517,0.069,0.0,24.9738,0.0
Piper,Assit1,派派,支援突击：弯道超车,Assit,4.005,0.365,3.52,0.16,0.0,96.0646,376.22
